ad_id,user_id,ad_type,time_spent,ctr,ad_type_encoded,time_spent_scaled,predicted_ctr
1,4174,popup,54.42,0.095,1,0.7877795259766439,0.16003000000000014
2,4507,banner,35.87,0.359,0,0.1798468149627101,0.2935600000000002
3,1860,banner,34.2,0.415,0,0.1251164846450138,0.3153039999999993
4,2294,popup,28.92,0.059,1,-0.0479231225869844,0.14532999999999976
5,2130,banner,41.92,0.128,0,0.3781213649160417,0.16838
6,2095,video,5.18,0.08,2,-0.8259459020732801,0.18705999999999995
7,4772,banner,63.83,0.18,0,1.0961701896230651,0.2239799999999998
8,4092,video,61.64,0.231,2,1.0243980798052477,0.2659800000000005
9,2638,popup,0.89,0.377,1,-0.9665405829492788,0.32396999999999976
10,3169,banner,52.43,0.329,0,0.722561946735796,0.3073200000000002
11,1466,popup,4.14,0.314,1,-0.8600294610735222,0.4082599999999998
12,2238,banner,12.24,0.183,0,-0.594570972706252,0.22384999999999988
13,1330,video,40.82,0.422,2,0.3420714467427087,0.37526999999999977
14,2482,popup,5.26,0.241,1,-0.8233240898424924,0.25616999999999984
15,3135,banner,51.11,0.49,0,0.6793020449277963,0.3850999999999999
16,4444,video,53.54,0.321,2,0.7589395914379774,0.2706000000000003
17,4171,popup,21.25,0.072,1,-0.29928937021377,0.06832000000000002
18,3919,popup,0.19,0.341,1,-0.9894814399686724,0.33747000000000027
19,4735,banner,10.15,0.169,0,-0.6630658172355848,0.21696000000000018
20,1130,banner,28.79,0.346,0,-0.0521835674620148,0.3393699999999999
21,2685,banner,119.19,0.044,0,2.91046425332826,0.12282999999999995
22,4380,video,29.97,0.096,2,-0.013511837057894,0.1368
23,1769,banner,9.03,0.429,0,-0.6997711884666147,0.27661959523809526
24,3391,popup,30.15,0.121,1,-0.0076127595386213,0.10092999999999998
25,2515,popup,23.29,0.42,1,-0.2324331583286797,0.28960728571428596
26,4485,banner,45.4,0.147,0,0.4921701969553133,0.16093999999999997
27,3853,banner,3.39,0.325,0,-0.8846089507371584,0.3155999999999998
28,3433,popup,42.94,0.35,1,0.4115494708585867,0.3663873333333334
29,2215,video,23.38,0.261,2,-0.2294836195690434,0.21497733333333316
30,1955,banner,98.9,0.16,0,2.24550712629469,0.1690200000000001
31,3324,banner,12.55,0.114,0,-0.5844114503119491,0.34387000000000045
32,2184,popup,30.04,0.026,1,-0.0112177513559546,0.04119999999999991
33,1459,banner,80.66,0.159,0,1.6477339376750595,0.21435999999999997
34,4385,video,3.24,0.33,2,-0.8895248486698856,0.28169999999999956
35,1021,popup,83.05,0.47,1,1.7260605780698468,0.37299999999999955
36,3300,banner,34.93,0.437,0,0.1490405212509529,0.3140400000000003
37,1747,popup,2.11,0.385,1,-0.926557946429764,0.30839800000000034
38,3904,banner,10.74,0.396,0,-0.6437299520335242,0.35188000000000025
39,4632,banner,36.95,0.336,0,0.2152412800783463,0.32528999999999947
40,1474,banner,2.09,0.138,0,-0.927213399487461,0.2806466666666667
41,2082,video,26.18,0.455,2,-0.1377201914914685,0.3827799999999993
42,3558,video,12.73,0.339,2,-0.5785123727926764,0.30697999999999953
43,4753,popup,29.1,0.285,1,-0.0420240450677118,0.21955000000000005
44,3047,banner,1.4,0.064,0,-0.9498265299780064,0.08403749999999997
45,4547,banner,61.56,0.229,0,1.02177626757446,0.20852333333333328
46,3747,video,108.91,0.236,2,2.5735613816720204,0.19201000000000015
47,1975,banner,104.1,0.434,0,2.415924921295901,0.32726000000000005
48,2806,video,41.55,0.278,2,0.3659954833486477,0.24449999999999972
49,1189,banner,4.18,0.196,0,-0.8587185549581283,0.18861000000000008
50,4005,popup,42.6,0.489,1,0.4004067688777384,0.43519833333333324
51,3734,banner,0.75,0.064,0,-0.9711287543531576,0.12198000000000003
52,4005,banner,0.67,0.217,0,-0.9737505665839452,0.20529999999999987
53,1562,video,11.73,0.031,2,-0.6112850256775246,0.09377999999999996
54,2899,banner,20.12,0.373,0,-0.3363224679736484,0.3390700000000001
55,4638,banner,44.14,0.46,0,0.4508766543204046,0.17492999999999995
56,2267,video,34.49,0.147,2,0.1346205539816198,0.31403199999999987
57,3879,popup,17.71,0.431,1,-0.4153045614261325,0.32424000000000014
58,2528,popup,9.59,0.153,1,-0.6814185028510997,0.17490999999999984
59,4202,video,175.55,0.456,2,4.757530969918303,0.38245999999999986
60,4556,video,16.66,0.379,2,-0.4497158469552231,0.2996800000000001
61,4890,video,18.01,0.404,2,-0.4054727655606781,0.24728000000000028
62,1646,video,5.36,0.019,2,-0.8200468245540075,0.06215000000000003
63,3068,video,47.51,0.482,2,0.5613204945423429,0.35749999999999976
64,3888,popup,35.49,0.366,1,0.167393206866468,0.10742000000000002
65,3214,popup,7.48,0.159,1,-0.7505688004381293,0.1608200000000003
66,2297,video,2.58,0.416,2,-0.9111547995738856,0.3229500000000002
67,3435,banner,34.23,0.148,0,0.1260996642315591,0.3153039999999993
68,1600,video,31.88,0.438,2,0.049083929952166,0.24760000000000018
69,3363,banner,9.58,0.065,0,-0.6817462293799482,0.16951999999999998
70,3061,video,90.39,0.355,2,1.9666118502446328,0.3734499999999999
71,1241,video,4.91,0.275,2,-0.8347945183521891,0.3605599999999999
72,3041,popup,16.99,0.057,1,-0.4389008715032232,0.14894000000000018
73,3824,banner,86.27,0.129,0,1.8315885203590576,0.2508499999999997
74,4417,banner,16.33,0.016,0,-0.4605308224072231,0.03995999999999998
75,3612,popup,30.53,0.24,1,0.004840848557621,0.2584399999999998
76,3945,popup,15.2,0.158,1,-0.4975639201671015,0.14662
77,2363,popup,9.62,0.303,1,-0.6804353232645544,0.10090999999999997
78,3139,popup,124.01,0.156,1,3.068428440233228,0.19445999999999994
79,2390,banner,15.8,0.157,0,-0.4779003284361925,0.07140616666666669
80,4003,banner,67.36,0.374,0,1.211857654306579,0.2691299999999998
81,2478,video,7.84,0.034,2,-0.738770645399584,0.11027999999999993
82,4499,video,7.19,0.452,2,-0.7600728697747353,0.41865
83,3556,popup,0.95,0.428,1,-0.964574223776188,0.36909000000000025
84,1775,popup,31.64,0.337,1,0.0412184932598024,0.24328999999999998
85,1034,popup,13.79,0.301,1,-0.5437733607347374,0.30895999999999946
86,3253,video,59.93,0.447,2,0.9683568433721572,0.3650399999999997
87,4152,video,19.23,0.101,2,-0.3654901290411633,0.19735999999999987
88,2955,video,103.44,0.049,2,2.394294970391901,0.18708999999999992
89,2585,video,6.16,0.127,2,-0.7938287022461289,0.3197399999999997
90,4943,video,60.89,0.399,2,0.9998185901416116,0.33894200000000035
91,4459,video,44.96,0.027,2,0.4777502296859801,0.1272499999999998
92,4073,video,44.21,0.296,2,0.453170740022344,0.27288999999999985
93,2021,popup,55.89,0.498,1,0.8359553257173706,0.37756000000000006
94,4461,popup,42.94,0.429,1,0.4115494708585867,0.3663873333333334
95,3613,popup,29.52,0.266,1,-0.0282595308560756,0.21374999999999994
96,2129,popup,4.22,0.041,1,-0.8574076488427345,0.09424000000000006
97,4843,video,0.99,0.417,2,-0.963263317660794,0.3402600000000001
98,4893,banner,76.09,0.303,0,1.4979629139913038,0.2629800000000003
99,2500,video,28.76,0.066,2,-0.0531667470485602,0.15349000000000015
100,1702,banner,47.77,0.056,0,0.5698413842924036,0.07105000000000002
101,3449,popup,19.71,0.456,1,-0.3497592556564362,0.44574000000000025
102,3777,video,3.74,0.338,2,-0.8731385222274615,0.3238600000000001
103,2579,popup,4.01,0.416,1,-0.8642899059485526,0.4411399999999995
104,1161,video,34.71,0.441,2,0.1418305376162864,0.35529000000000005
105,1201,popup,16.88,0.29,1,-0.4425058633205566,0.2605199999999995
106,2981,banner,6.71,0.264,0,-0.7758037431594624,0.20961999999999967
107,1995,banner,20.29,0.221,0,-0.3307511169832243,0.23451000000000008
108,3317,banner,1.99,0.165,0,-0.930490664775946,0.27439133333333326
109,4934,video,26.17,0.223,2,-0.1380479180203169,0.2969399999999996
110,1815,banner,9.4,0.389,0,-0.6876453068992209,0.34809916666666657
111,4342,video,47.92,0.305,2,0.5747572822251308,0.26832999999999996
112,1455,banner,11.15,0.447,0,-0.6302931643507366,0.4130299999999999
113,4533,banner,18.22,0.227,0,-0.39859050845486,0.27446000000000015
114,4798,video,0.35,0.307,2,-0.9842378155070968,0.25333999999999984
115,2275,video,2.26,0.319,2,-0.9216420484970368,0.2573299999999999
116,2016,banner,14.95,0.3,0,-0.5057570833883135,0.2914800000000002
117,4773,video,19.61,0.354,2,-0.353036520944921,0.37146999999999963
118,3343,banner,27.49,0.126,0,-0.0947880162123174,0.19060999999999992
119,4796,video,10.35,0.261,2,-0.656511286658615,0.2397699999999997
120,3767,popup,35.62,0.061,1,0.1716536517414981,0.13661999999999996
121,4820,popup,59.01,0.198,1,0.9382060027180968,0.14740999999999982
122,1337,popup,45.4,0.249,1,0.4921701969553133,0.22698999999999991
123,1878,popup,1.21,0.33,1,-0.9560533340261274,0.2855899999999995
124,2076,popup,19.65,0.476,1,-0.3517256148295271,0.45649999999999963
125,1791,banner,3.33,0.304,0,-0.8865753099102494,0.2472999999999996
126,4993,popup,8.31,0.374,1,-0.7233674985437053,0.3288599999999996
127,3264,popup,129.52,0.258,1,3.249005757628742,0.2269799999999997
128,1763,popup,4.61,0.321,1,-0.8446263142176437,0.3301200000000002
129,3235,popup,20.73,0.045,1,-0.316331149713891,0.07386999999999999
130,1379,video,28.88,0.135,2,-0.0492340287023785,0.15391999999999992
131,1492,banner,36.37,0.187,0,0.1962331414051342,0.20006999999999983
132,4112,popup,24.61,0.242,1,-0.1891732565206801,0.22768000000000005
133,2180,popup,0.29,0.032,1,-0.9862041746801876,0.1148500000000001
134,3062,popup,11.86,0.079,1,-0.6070245808024943,0.15270000000000028
135,4884,banner,21.88,0.146,0,-0.2786425988963157,0.17809000000000033
136,1064,video,2.76,0.486,2,-0.9052557220546128,0.4350399999999997
137,4928,banner,12.95,0.172,0,-0.5713023891580099,0.4066000000000003
138,4910,video,1.01,0.246,2,-0.962607864603097,0.3378000000000001
139,3568,popup,2.46,0.106,1,-0.9150875179200672,0.14952999999999997
140,2367,popup,15.17,0.309,1,-0.4985470997536469,0.14266000000000015
141,2152,banner,4.27,0.148,0,-0.855769016198492,0.1757399999999999
142,3027,banner,25.15,0.111,0,-0.1714760239628622,0.1848200000000003
143,3695,video,35.08,0.263,2,0.1539564191836801,0.24504000000000045
144,2495,video,48.37,0.013,2,0.5895049760233123,0.1118499999999999
145,4134,banner,6.7,0.014,0,-0.7761314696883109,0.11780999999999991
146,2162,video,5.5,0.117,2,-0.8154586531501288,0.09431000000000007
147,2522,banner,3.31,0.028,0,-0.8872307629679462,0.12317000000000006
148,3640,video,30.35,0.063,2,-0.0010582289616516,0.11332000000000006
149,1391,banner,36.77,0.176,0,0.2093422025590736,0.2461699999999996
150,2698,banner,0.96,0.403,0,-0.9642464972473394,0.3496999999999996
151,1418,banner,82.57,0.29,0,1.7103297046851196,0.29493999999999954
152,3336,video,1.6,0.261,2,-0.9432719994010366,0.2896900714285713
153,1378,video,23.38,0.154,2,-0.2294836195690434,0.21497733333333316
154,2796,video,37.04,0.467,2,0.2181908188379825,0.39222999999999986
155,4561,banner,61.43,0.205,0,1.0175158226994294,0.2211433333333332
156,3278,video,37.56,0.053,2,0.2352325983381037,0.08003999999999997
157,4065,video,48.54,0.312,2,0.5950763270137366,0.25214000000000025
158,3088,banner,12.44,0.066,0,-0.5880164421292825,0.19049000000000008
159,4099,popup,50.59,0.179,1,0.6622602654276755,0.12685000000000013
160,3182,banner,2.51,0.259,0,-0.9134488852758248,0.2549600000000002
161,1200,video,67.56,0.438,2,1.218412184883549,0.36935000000000007
162,2863,banner,23.8,0.252,0,-0.2157191053574071,0.21185999999999994
163,1779,popup,51.0,0.354,1,0.675697053110463,0.28765999999999964
164,3977,banner,18.06,0.496,0,-0.4038341329164357,0.38833
165,4104,video,30.95,0.074,2,0.0186053627692572,0.11491999999999994
166,4119,popup,22.42,0.145,1,-0.2609453663384976,0.13982999999999984
167,1502,video,39.46,0.203,2,0.2975006388193152,0.2576199999999997
168,3454,popup,2.55,0.217,1,-0.9121379791604308,0.21862999999999977
169,4645,popup,1.87,0.211,1,-0.9344233831221276,0.3522766666666664
170,2751,banner,8.51,0.455,0,-0.7168129679667358,0.38509999999999933
171,1804,banner,5.21,0.36,0,-0.8249627224867346,0.35277999999999987
172,3146,video,61.62,0.308,2,1.023742626747551,0.29645000000000016
173,3731,banner,7.42,0.162,0,-0.7525351596112202,0.16009000000000026
174,2895,banner,111.72,0.414,0,2.665652536278444,0.40858000000000055
175,3773,popup,12.32,0.478,1,-0.5919491604754642,0.36743999999999993
176,2570,banner,6.03,0.412,0,-0.7980891471211592,0.38562999999999975
177,1960,popup,46.78,0.011,1,0.5373964579364038,0.11154999999999989
178,4810,popup,32.25,0.322,1,0.0612098115195598,0.28070999999999974
179,3660,popup,20.69,0.035,1,-0.3176420558292849,0.12669000000000008
180,2485,video,24.31,0.136,2,-0.1990050523861346,0.2482999999999997
181,3690,video,38.1,0.039,2,0.2529298308959217,0.08666999999999991
182,4840,video,7.78,0.306,2,-0.7407370045726749,0.22461000000000012
183,2028,popup,168.26,0.346,1,4.518618330387759,0.31346
184,4289,video,110.42,0.066,2,2.6230480875281414,0.1262500000000002
185,1502,video,31.52,0.198,2,0.0372857749136206,0.11729
186,3814,banner,6.68,0.234,0,-0.7767869227460079,0.19131000000000006
187,1397,video,34.2,0.191,2,0.1251164846450138,0.18622200000000005
188,1870,video,2.25,0.069,2,-0.9219697750258852,0.1810100000000002
189,3842,popup,0.93,0.215,1,-0.9652296768338848,0.27353000000000005
190,1392,popup,8.94,0.378,1,-0.7027207272262511,0.36226999999999987
191,1206,popup,18.63,0.045,1,-0.3851537207720722,0.16367333333333323
192,2038,popup,60.81,0.049,1,0.9971967779108236,0.1775228333333332
193,2881,popup,38.97,0.184,1,0.2814420389057395,0.1864499999999999
194,4625,popup,40.73,0.471,1,0.3391219079830722,0.4590899999999993
195,3939,video,16.63,0.338,2,-0.4506990265417686,0.29765000000000014
196,2484,popup,12.74,0.343,1,-0.5781846462638279,0.34427000000000013
197,4762,popup,13.91,0.187,1,-0.5398406423885556,0.21751
198,4646,banner,131.82,0.301,0,3.324382859263892,0.2919199999999995
199,1863,video,1.23,0.015,2,-0.9553978809684304,0.3483585714285715
200,3790,video,60.53,0.322,2,0.988020435103066,0.30844999999999984
201,4312,video,25.93,0.458,2,-0.1459133547126806,0.42015999999999926
202,1563,popup,17.32,0.31,1,-0.4280858960512233,0.3236099999999999
203,2020,popup,38.76,0.438,1,0.2745597817999214,0.3228499999999998
204,1095,popup,20.01,0.365,1,-0.3399274597909817,0.3253099999999997
205,2923,banner,62.01,0.069,0,1.0365239613726414,0.15328000000000025
206,2757,popup,69.29,0.452,1,1.2751088743743364,0.3529800000000002
207,3532,banner,16.43,0.043,0,-0.4572535571187382,0.07501000000000009
208,4478,video,9.72,0.272,2,-0.6771580579760694,0.2668199999999996
209,3278,popup,26.92,0.08,1,-0.1134684283566808,0.36356000000000016
210,3796,banner,73.04,0.016,0,1.398006322692517,0.2478499999999996
211,2678,banner,7.1,0.217,0,-0.7630224085343716,0.4050000000000006
212,4242,popup,29.26,0.155,1,-0.0367804206061361,0.21799000000000018
213,1540,video,29.95,0.248,2,-0.0141672901155909,0.19607999999999998
214,2059,video,39.63,0.293,2,0.3030719898097394,0.35969000000000007
215,3572,video,4.23,0.031,2,-0.8570799223138859,0.10725000000000003
216,2183,banner,37.74,0.07,0,0.2411316758573763,0.3102600000000001
217,4910,banner,71.92,0.284,0,1.3613009514614869,0.2689199999999996
218,2722,banner,5.94,0.178,0,-0.8010386858807955,0.2638200000000004
219,4314,banner,8.14,0.367,0,-0.7289388495341296,0.24148000000000006
220,4157,video,106.63,0.33,2,2.498839733094566,0.3337799999999994
221,2819,popup,5.99,0.424,1,-0.799400053236553,0.3916199999999997
222,3625,banner,57.8,0.349,0,0.8985510927274305,0.30847000000000047
223,3729,banner,20.33,0.221,0,-0.3294402108678304,0.23451000000000008
224,3604,video,8.52,0.34,2,-0.7164852414378873,0.30356999999999973
225,2597,popup,61.38,0.145,1,1.015877190055187,0.208486
226,4060,popup,17.68,0.16,1,-0.416287741012678,0.2212600000000001
227,3693,video,21.7,0.397,2,-0.2845416764155883,0.34177999999999964
228,1795,video,13.35,0.229,2,-0.5581933280040705,0.21511999999999987
229,2051,popup,26.96,0.401,1,-0.1121575222412869,0.36362000000000017
230,2643,banner,5.36,0.413,0,-0.8200468245540075,0.36231999999999975
231,4627,popup,14.88,0.43,1,-0.5080511690902528,0.42001999999999995
232,2363,video,104.61,0.459,2,2.4326389742671735,0.39739000000000024
233,4869,banner,8.96,0.221,0,-0.702065274168554,0.2958483333333334
234,2981,banner,32.08,0.166,0,0.0556384605291356,0.1817500000000002
235,2354,video,11.8,0.295,2,-0.6089909399755852,0.3149700000000003
236,2663,video,44.55,0.192,2,0.4643134420031922,0.2877000000000003
237,2529,video,4.21,0.305,2,-0.8577353753715828,0.2189499999999999
238,3038,popup,105.02,0.356,1,2.4460757619499613,0.24493999999999996
239,4419,popup,18.14,0.347,1,-0.4012123206856478,0.25332000000000027
240,2496,banner,8.08,0.194,0,-0.7309052087072205,0.24591000000000018
241,4302,video,2.29,0.092,2,-0.9206588689104914,0.1360900000000001
242,3237,banner,5.58,0.221,0,-0.8128368409193409,0.2406400000000001
243,4296,banner,22.0,0.08,0,-0.2747098805501339,0.13697
244,2408,banner,12.33,0.446,0,-0.5916214339466158,0.37751000000000007
245,2400,banner,52.96,0.179,0,0.7399314527647655,0.3009200000000002
246,2306,video,16.91,0.086,2,-0.4415226837340111,0.17786999999999994
247,3680,banner,8.58,0.022,0,-0.7145188822647964,0.14027000000000012
248,3675,video,28.8,0.326,2,-0.0518558409331663,0.1636200000000001
249,1972,video,36.8,0.322,2,0.2103253821456189,0.3040299999999998
250,2768,popup,5.48,0.177,1,-0.8161141062078257,0.16469999999999996
251,2282,video,5.5,0.045,2,-0.8154586531501288,0.09431000000000007
252,4430,popup,1.12,0.211,1,-0.9590028727857636,0.22457999999999978
253,1709,video,40.0,0.162,2,0.3151978713771332,0.20047999999999994
254,2479,video,32.7,0.342,2,0.0759575053177416,0.3542999999999996
255,2434,video,19.31,0.307,2,-0.3628683168103755,0.1954999999999999
256,1648,popup,55.77,0.189,1,0.8320226073711889,0.22828999999999997
257,1317,popup,49.15,0.117,1,0.6150676452734939,0.1540100000000001
258,4748,banner,26.41,0.494,0,-0.1301824813279534,0.42566999999999994
259,4296,popup,60.81,0.232,1,0.9971967779108236,0.1775228333333332
260,4890,popup,6.91,0.347,1,-0.7692492125824928,0.26281999999999994
261,2257,popup,3.56,0.079,1,-0.8790375997467342,0.34143999999999985
262,1683,popup,9.43,0.248,1,-0.6866621273126754,0.3457449999999999
263,1663,banner,1.76,0.023,0,-0.9380283749394608,0.09194928571428568
264,2998,popup,22.73,0.258,1,-0.2507858439441947,0.23048999999999975
265,4898,video,82.75,0.482,2,1.7162287822043925,0.3804299999999997
266,4445,video,1.2,0.198,2,-0.9563810605549758,0.34837857142857154
267,4743,popup,3.91,0.029,1,-0.8675671712370373,0.18626000000000004
268,2631,popup,18.06,0.025,1,-0.4038341329164357,0.19353
269,2495,video,81.49,0.2,2,1.6749352395694836,0.25351999999999963
270,4304,video,11.4,0.088,2,-0.6221000011295246,0.09638999999999993
271,4763,banner,21.23,0.021,0,-0.299944823271467,0.05507999999999993
272,2136,video,1.27,0.381,2,-0.9540869748530364,0.3524285714285717
273,2853,video,4.82,0.235,2,-0.8377440571118254,0.2493699999999999
274,2520,popup,129.44,0.152,1,3.2463839453979535,0.19411999999999988
275,3489,video,100.67,0.451,2,2.303514721900872,0.4165500000000002
276,1563,banner,0.15,0.067,0,-0.9907923460840664,0.3054800000000004
277,2291,video,90.98,0.478,2,1.9859477154466931,0.4331300000000003
278,4581,popup,30.58,0.164,1,0.0064794812018633,0.2321099999999997
279,4878,popup,60.73,0.445,1,0.9945749656800356,0.3251108333333334
280,4457,video,18.19,0.305,2,-0.3995736880414054,0.28087999999999996
281,4458,popup,21.75,0.415,1,-0.2829030437713459,0.3030099999999997
282,4184,banner,20.13,0.492,0,-0.3359947414448,0.3390700000000001
283,2636,banner,32.98,0.151,0,0.0851338481254989,0.18557999999999988
284,4696,video,4.51,0.481,2,-0.8479035795061285,0.3955600000000007
285,3999,video,0.91,0.201,2,-0.9658851298915818,0.2400400000000002
286,4152,video,11.04,0.199,2,-0.6338981561680699,0.22723000000000027
287,1698,popup,36.59,0.177,1,0.203443125039801,0.18539999999999973
288,3160,banner,6.76,0.275,0,-0.7741651105152201,0.23560999999999976
289,1001,banner,33.57,0.086,0,0.1044697133275594,0.18155
290,1641,popup,105.11,0.281,1,2.4490253007095975,0.24493999999999996
291,3267,banner,2.96,0.275,0,-0.898701191477643,0.29938999999999977
292,2589,video,33.5,0.383,2,0.10217562762562,0.2990149999999995
293,1854,video,17.6,0.418,2,-0.4189095532434658,0.3034400000000003
294,2759,video,60.78,0.226,2,0.9962135983242782,0.25141000000000013
295,4296,banner,5.85,0.158,0,-0.8039882246404318,0.38526999999999945
296,3432,video,35.39,0.137,2,0.1641159415779831,0.20217000000000013
297,4474,popup,54.63,0.105,1,0.794661783082462,0.16331000000000007
298,2661,popup,86.8,0.038,1,1.8489580263880272,0.11754000000000009
299,2153,banner,34.49,0.178,0,0.1346205539816198,0.19742999999999966
300,2076,popup,20.63,0.142,1,-0.3196084150023759,0.30673000000000006
301,2707,popup,28.86,0.484,1,-0.0498894817600754,0.32934000000000024
302,3777,banner,60.95,0.283,0,1.0017849493147024,0.25680500000000017
303,2695,video,25.36,0.18,2,-0.164593766857044,0.23435999999999982
304,2733,video,0.93,0.294,2,-0.9652296768338848,0.29228000000000026
305,2439,video,80.19,0.078,2,1.632330790819181,0.15550999999999987
306,3294,banner,35.09,0.228,0,0.1542841457125287,0.19756000000000007
307,1835,popup,33.86,0.317,1,0.1139737826641654,0.29779000000000005
308,4510,video,7.29,0.25,2,-0.7567956044862505,0.20898000000000014
309,1202,video,32.27,0.207,2,0.0618652645772569,0.2726500000000004
310,4255,banner,15.02,0.497,0,-0.5034629976863741,0.28408000000000017
311,1122,video,31.6,0.441,2,0.0399075871444085,0.09101999999999996
312,1400,banner,3.38,0.315,0,-0.8849366772660069,0.30840000000000006
313,1766,popup,32.17,0.289,1,0.058587999288772,0.31011999999999973
314,1293,banner,223.25,0.314,0,6.32078651252556,0.3293399999999999
315,3327,banner,1.48,0.109,0,-0.9472047177472184,0.09352178571428572
316,4908,banner,113.4,0.204,0,2.720710593124989,0.29130000000000045
317,3931,banner,15.67,0.029,0,-0.4821607733112228,0.10196666666666664
318,4681,popup,61.38,0.243,1,1.015877190055187,0.208486
319,1197,popup,45.75,0.276,1,0.5036406254650102,0.16471999999999998
320,4029,video,25.11,0.122,2,-0.1727869300782561,0.27608999999999995
321,2930,popup,40.23,0.482,1,0.3227355815406482,0.4591899999999997
322,4582,popup,63.24,0.456,1,1.0768343244210048,0.22364333333333355
323,3799,video,15.53,0.364,2,-0.4867489447151016,0.2890950000000003
324,3191,popup,11.88,0.271,1,-0.6063691277447973,0.23950000000000032
325,1608,banner,33.04,0.436,0,0.0871002072985898,0.25307999999999997
326,4272,banner,49.48,0.074,0,0.6258826207254937,0.12536999999999995
327,2147,video,43.1,0.397,2,0.4167930953201625,0.32929999999999965
328,1186,video,47.96,0.071,2,0.5760681883405246,0.13492999999999986
329,4397,video,17.16,0.399,2,-0.433329520512799,0.43740999999999985
330,3511,banner,51.09,0.145,0,0.6786465918700996,0.21813999999999967
331,4420,popup,3.84,0.44,1,-0.8698612569389766,0.38491000000000014
332,2794,banner,23.59,0.473,0,-0.2226013624632253,0.4235599999999997
333,1659,video,0.17,0.083,2,-0.9901368930263694,0.36636000000000024
334,3811,popup,11.77,0.237,1,-0.6099741195621307,0.2471999999999999
335,4002,popup,13.69,0.491,1,-0.5470506260232223,0.44041999999999976
336,2955,banner,15.13,0.247,0,-0.4998580058690408,0.21271000000000004
337,3450,video,35.67,0.433,2,0.1732922843857406,0.33747
338,2369,banner,14.76,0.298,0,-0.5119838874364346,0.30808999999999953
339,2986,popup,17.86,0.194,1,-0.4103886634934053,0.21385000000000015
340,2534,banner,8.14,0.15,0,-0.7289388495341296,0.24148000000000006
341,1146,banner,14.02,0.11,0,-0.5362356505712224,0.16311999999999982
342,4219,video,7.73,0.383,2,-0.7423756372169172,0.29104999999999975
343,3911,video,2.28,0.199,2,-0.9209865954393398,0.1788900000000001
344,2734,popup,27.75,0.261,1,-0.0862671264622569,0.2569307142857141
345,2843,banner,33.1,0.251,0,0.0890665664716808,0.2527300000000001
346,1488,banner,28.99,0.293,0,-0.0456290368850452,0.3003399999999996
347,3976,banner,18.68,0.434,0,-0.3835150881278298,0.36844619047619065
348,2959,popup,14.33,0.491,1,-0.5260761281769194,0.4362699999999998
349,2663,popup,59.71,0.21,1,0.9611468597374908,0.2210233333333335
350,3598,video,21.96,0.415,2,-0.2760207866655278,0.37455999999999967
351,3385,video,19.57,0.385,2,-0.3543474270603149,0.38542000000000015
352,3919,video,0.78,0.291,2,-0.970145574766612,0.2973799999999997
353,1640,banner,12.52,0.478,0,-0.5853946298984946,0.3454500000000004
354,2802,banner,14.35,0.108,0,-0.5254206751192224,0.19577000000000017
355,3520,video,15.27,0.064,2,-0.4952698344651621,0.13646666666666676
356,2969,banner,26.04,0.428,0,-0.1423083628953473,0.3396299999999999
357,3198,video,22.88,0.225,2,-0.2458699460114675,0.2672800000000002
358,2438,popup,28.09,0.425,1,-0.0751244244814085,0.34723321428571424
359,4369,video,43.43,0.448,2,0.4276080707721624,0.35660999999999987
360,2634,popup,50.3,0.041,1,0.6527561960910693,0.08587000000000015
361,1262,banner,37.99,0.443,0,0.2493248390785884,0.3750499999999999
362,2787,video,93.38,0.23,2,2.0646020823703286,0.4557800000000002
363,3191,banner,0.55,0.26,0,-0.9776832849301272,0.2559200000000004
364,3393,popup,6.54,0.317,1,-0.7813750941498867,0.24277000000000012
365,1623,popup,0.23,0.464,1,-0.9881705338532786,0.3799399999999997
366,2016,popup,31.28,0.019,1,0.0294203382212571,0.14753999999999995
367,4643,banner,68.49,0.244,0,1.2488907520664574,0.23758999999999997
368,1880,banner,8.37,0.347,0,-0.7214011393706146,0.3330599999999999
369,3049,banner,78.53,0.364,0,1.5779281870303332,0.3311700000000002
370,3944,banner,1.86,0.349,0,-0.934751109650976,0.3092833333333333
371,2327,popup,81.74,0.076,1,1.6831284027906956,0.31599000000000016
372,3301,popup,13.0,0.157,1,-0.5696637565137674,0.3520100000000004
373,4723,video,3.21,0.186,2,-0.890508028256431,0.21114000000000008
374,1452,video,19.96,0.404,2,-0.3415660924352241,0.33655999999999997
375,4108,banner,8.9,0.147,0,-0.704031633341645,0.1997853333333333
376,2183,popup,10.06,0.113,1,-0.666015355995221,0.15516999999999992
377,4062,popup,11.01,0.479,1,-0.6348813357546154,0.41537999999999964
378,3056,popup,48.74,0.014,1,0.6016308575907062,0.1429600000000002
379,4304,video,23.24,0.499,2,-0.2340717909729222,0.3867831666666667
380,4170,video,11.19,0.342,2,-0.6289822582353427,0.2587499999999997
381,2682,popup,28.27,0.416,1,-0.0692253469621358,0.33117071428571426
382,3863,popup,37.78,0.154,1,0.2424425819727702,0.2019499999999999
383,3255,popup,9.55,0.017,1,-0.6827294089664936,0.2992449999999997
384,2154,video,16.01,0.372,2,-0.4710180713303744,0.27880500000000014
385,1403,popup,3.9,0.419,1,-0.8678948977658858,0.31496000000000024
386,3199,popup,6.0,0.373,1,-0.7990723267077047,0.3707099999999998
387,3101,banner,34.29,0.08,0,0.1280660234046501,0.18961999999999976
388,4191,banner,6.01,0.379,0,-0.7987446001788562,0.37028
389,2696,video,22.34,0.387,2,-0.2635671785692855,0.35669000000000034
390,4991,popup,37.04,0.333,1,0.2181908188379825,0.29751999999999956
391,1627,popup,3.39,0.385,1,-0.8846089507371584,0.3527300000000003
392,1586,banner,25.13,0.425,0,-0.1721314770205591,0.32612000000000035
393,2648,video,8.89,0.311,2,-0.7043593598704934,0.30341133333333326
394,2443,banner,98.85,0.053,0,2.243868493650448,0.13585000000000014
395,2445,banner,19.82,0.249,0,-0.3461542638391029,0.29718999999999973
396,1103,banner,49.2,0.048,0,0.6167062779177365,0.11562000000000004
397,4923,banner,23.97,0.21,0,-0.210147754366983,0.18563000000000013
398,1253,popup,1.33,0.209,1,-0.9521206156799455,0.22012999999999977
399,4298,popup,30.08,0.042,1,-0.0099068452405607,0.04775999999999991
400,4183,banner,90.73,0.181,0,1.9777545522254811,0.25308
401,3557,video,27.61,0.064,2,-0.0908552978661356,0.12091999999999999
402,2496,video,51.31,0.406,2,0.6858565755047661,0.4047099999999996
403,1098,video,64.68,0.474,2,1.1240269445751865,0.3480699999999998
404,3200,video,7.77,0.045,2,-0.7410647311015234,0.11759999999999997
405,2884,banner,7.15,0.478,0,-0.7613837758901293,0.4196500000000005
406,3961,popup,28.32,0.266,1,-0.0675867143178934,0.28490749999999965
407,2919,video,15.88,0.157,2,-0.4752785162054047,0.17707952380952377
408,1877,banner,54.95,0.048,0,0.8051490320056134,0.10828000000000003
409,1337,video,69.08,0.255,2,1.268226617268518,0.37264999999999987
410,4777,video,13.08,0.399,2,-0.5670419442829796,0.34762000000000015
411,3869,banner,8.11,0.356,0,-0.729922029120675,0.3201800000000005
412,4234,popup,45.5,0.035,1,0.4954474622437981,0.19911999999999985
413,4791,popup,9.64,0.046,1,-0.6797798702068573,0.10090999999999997
414,1956,banner,51.88,0.207,0,0.7045369876491295,0.24164000000000027
415,2704,popup,16.54,0.155,1,-0.4536485653014049,0.1868099999999999
416,1160,banner,33.04,0.124,0,0.0871002072985898,0.25307999999999997
417,2603,banner,3.01,0.148,0,-0.8970625588334007,0.19505999999999982
418,3848,banner,29.33,0.404,0,-0.0344863349041968,0.3687800000000002
419,1397,popup,18.03,0.465,1,-0.4048173125029811,0.30382
420,2300,banner,26.5,0.209,0,-0.1272329425683171,0.3178899999999997
421,1815,video,5.52,0.454,2,-0.8148032000924318,0.27584400000000026
422,4987,popup,40.05,0.168,1,0.3168365040213755,0.23404999999999962
423,2527,popup,59.59,0.243,1,0.957214141391309,0.22240333333333318
424,2919,popup,7.33,0.121,1,-0.7554846983708566,0.1742000000000002
425,2415,popup,3.02,0.324,1,-0.8967348323045522,0.30285000000000034
426,2158,video,0.72,0.49,2,-0.9721119339397032,0.27026999999999995
427,2218,popup,30.81,0.306,1,0.0140171913653784,0.2830400000000001
428,1400,popup,28.03,0.185,1,-0.0770907836544994,0.2512332142857142
429,1639,banner,23.74,0.327,0,-0.2176854645304981,0.29891000000000045
430,4104,popup,7.92,0.07,1,-0.7361488331687961,0.2813800000000002
431,3735,video,14.87,0.445,2,-0.5083788956191014,0.40588000000000013
432,1459,video,27.08,0.257,2,-0.1082248038951052,0.27898000000000034
433,1954,video,20.6,0.23,2,-0.3205915945889213,0.19579000000000008
434,4954,video,132.15,0.297,2,3.3351978347158924,0.3050400000000003
435,1469,popup,4.4,0.316,1,-0.8515085713234618,0.2905399999999997
436,4446,popup,35.64,0.045,1,0.1723091047991951,0.15843999999999997
437,2045,video,15.54,0.344,2,-0.4864212181862531,0.2890950000000003
438,3797,video,16.77,0.129,2,-0.4461108551378898,0.17461999999999983
439,2693,popup,37.93,0.36,1,0.2473584799054974,0.3188499999999998
440,3085,video,35.37,0.413,2,0.163460488520286,0.2105100000000002
441,3277,banner,142.18,0.404,0,3.6639075431509194,0.4082000000000008
442,4436,video,4.12,0.281,2,-0.8606849141312192,0.31339999999999973
443,1562,video,3.3,0.265,2,-0.8875584894967947,0.2489300000000002
444,3485,banner,38.66,0.08,0,0.2712825165114365,0.15009000000000006
445,2799,banner,25.91,0.39,0,-0.1465688077703775,0.4037900000000001
446,4354,popup,9.61,0.143,1,-0.6807630497934027,0.14699
447,3074,popup,2.48,0.253,1,-0.9144320648623702,0.21298000000000003
448,1225,banner,2.69,0.149,0,-0.907549807756552,0.22700999999999996
449,4348,banner,67.38,0.076,0,1.212513107364276,0.13205000000000003
450,1797,popup,6.39,0.318,1,-0.7862909920826139,0.28182000000000024
451,4680,video,11.72,0.037,2,-0.6116127522063731,0.09635999999999999
452,3331,banner,7.71,0.377,0,-0.7430310902746142,0.15882999999999986
453,3926,popup,13.15,0.166,1,-0.5647478585810403,0.20213000000000014
454,1959,video,2.16,0.01,2,-0.9249193137855216,0.09237533333333323
455,2504,banner,21.96,0.26,0,-0.2760207866655278,0.24796000000000018
456,1452,video,2.1,0.033,2,-0.9268856729586123,0.16836599999999996
457,4067,popup,48.34,0.145,1,0.588521796436767,0.1248399999999998
458,4900,banner,7.99,0.356,0,-0.7338547474668567,0.3325900000000005
459,1815,video,23.3,0.041,2,-0.2321054317998312,0.15336316666666686
460,1658,banner,63.63,0.421,0,1.0896156590460957,0.35540999999999984
461,4587,video,31.57,0.012,2,0.0389244075578631,0.0816999999999999
462,1546,popup,22.84,0.131,1,-0.2471808521268614,0.1737600000000001
463,2215,popup,11.76,0.373,1,-0.6103018460909793,0.24175999999999984
464,4120,banner,12.15,0.165,0,-0.5975205114658885,0.1969899999999997
465,4583,video,33.21,0.06,2,0.0926715582890141,0.16201000000000015
466,1016,banner,154.18,0.187,0,4.057179377769097,0.25552000000000025
467,4243,banner,32.53,0.142,0,0.0703861543273173,0.1602599999999999
468,2243,video,24.48,0.423,2,-0.1934337013957104,0.4115299999999996
469,3205,video,39.35,0.164,2,0.2938956470019819,0.2253800000000001
470,3524,video,18.78,0.397,2,-0.380237822839345,0.31183999999999973
471,2069,popup,1.86,0.447,1,-0.934751109650976,0.3522766666666664
472,4444,banner,24.79,0.223,0,-0.1832741790014075,0.21573
473,3565,banner,94.84,0.456,0,2.112450155582207,0.3604799999999998
474,3146,popup,5.78,0.195,1,-0.8062823103423712,0.23414000000000004
475,4963,video,35.14,0.482,2,0.1559227783567711,0.3968099999999998
476,2768,popup,6.73,0.054,1,-0.7751482901017654,0.10139000000000004
477,2060,popup,23.02,0.347,1,-0.2412817746075888,0.2753200000000003
478,3327,popup,3.05,0.252,1,-0.8957516527180067,0.2728699999999999
479,4420,banner,17.96,0.2,0,-0.4071113982049205,0.2721799999999996
480,3544,popup,42.34,0.32,1,0.391885879127678,0.29016166666666665
481,1301,banner,12.81,0.355,0,-0.5758905605618885,0.3759300000000001
482,1180,banner,32.8,0.012,0,0.0792347706062262,0.15160000000000007
483,1606,banner,47.61,0.092,0,0.5645977598308277,0.10286999999999996
484,4170,video,78.59,0.359,2,1.5798945462034242,0.3118000000000004
485,1699,banner,8.02,0.337,0,-0.7328715678803114,0.3251800000000001
486,1992,banner,15.29,0.483,0,-0.4946143814074651,0.3317700000000003
487,2139,video,4.96,0.383,2,-0.8331558857079467,0.35394000000000003
488,1190,banner,146.72,0.476,0,3.81269538724813,0.44688
489,3300,popup,78.52,0.354,1,1.5776004605014846,0.32153999999999977
490,1980,popup,23.29,0.156,1,-0.2324331583286797,0.28960728571428596
491,3975,banner,55.36,0.062,0,0.818585819688401,0.08917
492,3006,video,22.08,0.393,2,-0.2720880683193461,0.3572800000000002
493,2184,popup,29.31,0.326,1,-0.0351417879618938,0.29413000000000034
494,4327,video,2.8,0.034,2,-0.9039448159392188,0.4347499999999996
495,4394,video,42.23,0.186,2,0.3882808873103445,0.17867999999999987
496,1127,popup,4.1,0.479,1,-0.8613403671889162,0.47116999999999953
497,3065,video,52.47,0.255,2,0.7238728528511899,0.25683999999999996
498,2816,popup,45.7,0.222,1,0.5020019928207679,0.18461
499,2758,video,37.01,0.234,2,0.2172076392514371,0.29472000000000037
500,3613,popup,1.1,0.112,1,-0.9596583258434608,0.22493999999999978
501,1569,banner,10.83,0.191,0,-0.640780413273888,0.26629999999999987
502,2346,popup,9.16,0.191,1,-0.6955107435915844,0.23634333333333316
503,2895,popup,13.4,0.036,1,-0.5565546953598283,0.1216399999999998
504,3733,popup,2.75,0.386,1,-0.9055834485834612,0.38178999999999985
505,4863,popup,82.92,0.214,1,1.7218001331948167,0.2767199999999997
506,1625,video,24.21,0.413,2,-0.2022823176746194,0.34334999999999993
507,4359,banner,10.94,0.427,0,-0.6371754214565547,0.3705899999999999
508,3901,popup,15.17,0.114,1,-0.4985470997536469,0.14266000000000015
509,2686,video,17.78,0.332,2,-0.4130104757241931,0.31440000000000046
510,4009,banner,27.53,0.241,0,-0.0934771100969234,0.22230999999999995
511,4710,banner,21.75,0.441,0,-0.2829030437713459,0.33408999999999983
512,1154,banner,75.54,0.116,0,1.4799379549046374,0.1741999999999999
513,3537,banner,20.61,0.342,0,-0.3202638680600729,0.30694999999999983
514,2409,popup,145.45,0.308,1,3.771074118084373,0.3870499999999999
515,1784,popup,57.2,0.155,1,0.8788875009965218,0.16676000000000002
516,4175,video,7.02,0.077,2,-0.7656442207651595,0.24080000000000015
517,4464,video,80.03,0.329,2,1.6270871663576054,0.2641100000000001
518,4882,video,3.71,0.372,2,-0.874121701814007,0.31496000000000024
519,1245,banner,51.02,0.165,0,0.6763525061681601,0.19996999999999956
520,4247,banner,14.37,0.326,0,-0.5247652220615255,0.2753100000000002
521,4110,popup,63.11,0.204,1,1.0725738795459745,0.19861333333333347
522,2500,banner,60.76,0.359,0,0.9955581452665812,0.27582250000000014
523,2705,banner,49.19,0.108,0,0.6163785513888878,0.11562000000000004
524,3806,banner,46.82,0.446,0,0.5387073640517978,0.33612000000000036
525,1537,video,10.9,0.151,2,-0.6384863275719487,0.17199999999999985
526,2890,video,2.53,0.19,2,-0.9127934322181278,0.26996000000000026
527,2841,popup,15.47,0.038,1,-0.4887153038881924,0.29303000000000035
528,1920,banner,5.72,0.065,0,-0.8082486695154621,0.2660899999999998
529,3455,banner,35.62,0.263,0,0.1716536517414981,0.22524000000000016
530,1524,popup,12.74,0.141,1,-0.5781846462638279,0.34427000000000013
531,3875,banner,111.41,0.419,0,2.655493013884141,0.4116599999999999
532,2529,banner,30.73,0.017,0,0.0113953791345906,0.12669
533,3950,video,51.86,0.196,2,0.7038815345914324,0.24103000000000005
534,4896,popup,4.27,0.175,1,-0.855769016198492,0.1628500000000001
535,1035,popup,59.42,0.019,1,0.9516427904008848,0.15989333333333317
536,1684,popup,76.82,0.071,1,1.5218869505972423,0.11561999999999989
537,1019,popup,20.03,0.213,1,-0.3392720067332848,0.27068000000000003
538,3368,video,27.96,0.252,2,-0.0793848693564387,0.23921999999999993
539,4847,video,43.42,0.208,2,0.427280344243314,0.2750099999999997
540,3559,banner,5.77,0.27,0,-0.8066100368712197,0.2768199999999998
541,1399,banner,20.95,0.302,0,-0.3091211660792245,0.21383999999999992
542,3701,banner,15.26,0.015,0,-0.4955975609940106,0.1012200000000001
543,1971,banner,4.75,0.237,0,-0.8400381428137649,0.32578999999999986
544,2906,video,13.74,0.482,2,-0.5454119933789797,0.36210999999999965
545,3518,popup,2.12,0.264,1,-0.9262302199009156,0.27663999999999994
546,2166,video,0.78,0.342,2,-0.970145574766612,0.2973799999999997
547,2115,banner,4.36,0.163,0,-0.8528194774388557,0.20924000000000004
548,4425,video,99.0,0.389,2,2.2487843915831753,0.39215000000000005
549,1833,popup,23.92,0.389,1,-0.2117863870112253,0.22574000000000005
550,2823,popup,101.29,0.265,1,2.3238337666894777,0.21279000000000003
551,3774,video,17.0,0.488,2,-0.4385731449743748,0.3777199999999997
552,2982,video,11.21,0.072,2,-0.6283268051776456,0.16177999999999976
553,1853,video,21.17,0.018,2,-0.3019111824445578,0.05218999999999995
554,1050,banner,17.37,0.387,0,-0.4264472634069809,0.38515000000000027
555,4736,video,3.35,0.406,2,-0.8859198568525523,0.24951000000000037
556,4769,video,30.72,0.069,2,0.0110676526057421,0.10438000000000011
557,1574,video,7.3,0.14,2,-0.756467877957402,0.20898000000000014
558,4261,popup,29.0,0.019,1,-0.0453013103561967,0.09830000000000007
559,2148,popup,31.51,0.154,1,0.0369580483847722,0.14217999999999997
560,3197,banner,4.95,0.389,0,-0.8334836122367952,0.41602999999999973
561,3361,banner,1.9,0.264,0,-0.9334402035355822,0.23325166666666633
562,3617,popup,45.53,0.181,1,0.4964306418303436,0.19911999999999985
563,4413,popup,18.47,0.192,1,-0.390397345233648,0.19570000000000015
564,3352,popup,1.8,0.011,1,-0.9367174688240668,0.1180483333333332
565,2715,video,158.16,0.157,2,4.187614536250793,0.24116000000000004
566,1681,video,1.79,0.327,2,-0.9370451953529154,0.2763020000000003
567,1837,popup,35.63,0.487,1,0.1719813782703467,0.32831999999999956
568,4854,video,123.46,0.425,2,3.0504034811465615,0.36547000000000013
569,2077,video,8.2,0.022,2,-0.7269724903610387,0.14209000000000013
570,4050,banner,4.6,0.45,0,-0.844954040746492,0.39595000000000014
571,3491,popup,3.88,0.394,1,-0.8685503508235828,0.3541400000000002
572,3660,popup,10.84,0.392,1,-0.6404526867450395,0.3135999999999999
573,4040,video,3.2,0.234,2,-0.8908357547852795,0.2270400000000002
574,3311,popup,35.35,0.205,1,0.1628050354625892,0.19956999999999986
575,4124,banner,1.93,0.158,0,-0.9324570239490368,0.1625963333333333
576,2595,banner,21.37,0.042,0,-0.2953566518675882,0.0758999999999999
577,4051,banner,171.39,0.122,0,4.621196733917333,0.19489999999999996
578,4691,popup,50.46,0.131,1,0.657999820552645,0.11930000000000016
579,1004,popup,28.65,0.247,1,-0.0567717388658936,0.1762574999999999
580,2126,popup,10.97,0.376,1,-0.6361922418700092,0.33111000000000024
581,2219,popup,29.34,0.242,1,-0.0341586083753483,0.2562800000000004
582,1773,popup,22.46,0.038,1,-0.2596344602231037,0.1104400000000001
583,1876,banner,16.66,0.479,0,-0.4497158469552231,0.37565999999999955
584,1991,video,4.2,0.472,2,-0.8580631019004313,0.2221499999999999
585,3931,banner,65.31,0.395,0,1.1446737158926406,0.30590999999999996
586,4421,popup,17.92,0.496,1,-0.4084223043203144,0.40603
587,1046,banner,6.49,0.277,0,-0.783013726794129,0.24935000000000015
588,3914,popup,13.75,0.482,1,-0.5450842668501313,0.38853999999999966
589,3870,popup,16.04,0.047,1,-0.470034891743829,0.10219250000000012
590,3983,banner,52.73,0.189,0,0.7323937426012503,0.3048700000000002
591,4891,popup,39.68,0.12,1,0.3047106224539818,0.38234
592,3703,video,44.0,0.106,2,0.4462884829165259,0.15333999999999995
593,1268,popup,0.33,0.079,1,-0.984893268564794,0.13646000000000014
594,1369,video,16.14,0.315,2,-0.4667576264553442,0.28803000000000034
595,1635,video,19.7,0.393,2,-0.3500869821852847,0.4180800000000003
596,2129,popup,0.58,0.293,1,-0.9767001053435818,0.25323000000000023
597,2693,banner,9.03,0.082,0,-0.6997711884666147,0.27661959523809526
598,2682,video,42.85,0.407,2,0.4085999320989505,0.3814233333333328
599,1656,banner,4.42,0.322,0,-0.8508531182657647,0.29567999999999955
600,1119,video,22.99,0.2,2,-0.2422649541941342,0.29285000000000017
601,1830,popup,7.27,0.34,1,-0.7574510575439475,0.2951899999999999
602,2810,popup,0.37,0.137,1,-0.9835823624493998,0.2090600000000002
603,4675,video,8.28,0.179,2,-0.7243506781302508,0.19367999999999985
604,2081,popup,111.73,0.46,1,2.6659802628072926,0.38622000000000045
605,2974,video,48.51,0.152,2,0.5940931474271911,0.24974000000000024
606,2369,popup,96.25,0.24,1,2.158659596149843,0.2594999999999997
607,1740,banner,20.07,0.446,0,-0.3379611006178908,0.37056000000000006
608,4545,popup,3.49,0.357,1,-0.8813316854486735,0.3531099999999998
609,1116,banner,23.82,0.04,0,-0.2150636522997102,0.12917999999999977
610,2853,popup,18.17,0.082,1,-0.4002291410991023,0.1460600000000002
611,3838,banner,55.81,0.014,0,0.8333335134865828,0.10048999999999994
612,2150,popup,3.1,0.319,1,-0.8941130200737643,0.31237999999999977
613,4464,banner,20.1,0.229,0,-0.3369779210313454,0.2728299999999997
614,2931,video,4.88,0.076,2,-0.8357776979387346,0.3150200000000003
615,2012,video,11.78,0.479,2,-0.6096463930332822,0.3935099999999997
616,2664,banner,40.11,0.27,0,0.3188028631944665,0.2508499999999998
617,2081,popup,19.39,0.129,1,-0.3602465045795876,0.21475000000000002
618,1633,banner,14.14,0.255,0,-0.5323029322250405,0.1679299999999999
619,1512,popup,15.05,0.343,1,-0.5024798180998287,0.32698000000000005
620,4822,video,18.45,0.047,2,-0.3910527982913449,0.13806000000000013
621,3849,popup,46.12,0.145,1,0.5157665070324039,0.13405999999999985
622,2119,video,66.79,0.405,2,1.193177242162216,0.3699100000000001
623,4709,popup,93.26,0.235,1,2.060669364024147,0.26774999999999965
624,2141,popup,46.38,0.278,1,0.5242873967824646,0.2422299999999998
625,1559,popup,11.37,0.222,1,-0.62308318071607,0.22370000000000026
626,4672,banner,34.96,0.032,0,0.1500237008374984,0.14393999999999996
627,1487,banner,17.27,0.091,0,-0.4297245286954658,0.38787000000000027
628,4308,video,8.82,0.228,2,-0.7066534455724328,0.26376266666666687
629,4956,video,55.14,0.113,2,0.8113758360537345,0.1819499999999999
630,1896,banner,1.18,0.034,0,-0.9570365136126728,0.10744000000000005
631,4343,video,69.61,0.423,2,1.2855961232974875,0.3679999999999998
632,2212,banner,18.57,0.491,0,-0.3871200799451631,0.4534961904761904
633,1703,popup,30.42,0.399,1,0.0012358567402877,0.29396000000000017
634,2470,video,32.31,0.428,2,0.0631761706926508,0.3779500000000002
635,1580,video,67.65,0.129,2,1.2213617236431853,0.22412000000000024
636,3837,banner,30.37,0.481,0,-0.0004027759039546,0.13415000000000016
637,3908,video,28.55,0.106,2,-0.0600490041543783,0.1971200000000001
638,3294,video,2.07,0.476,2,-0.927868852545158,0.3770813333333329
639,4147,popup,21.92,0.497,1,-0.2773316927809217,0.3626700000000001
640,1153,video,4.88,0.359,2,-0.8357776979387346,0.3150200000000003
641,2679,popup,40.12,0.491,1,0.3191305897233149,0.3786799999999997
642,4506,banner,21.54,0.289,0,-0.2897853008771641,0.23845000000000025
643,1996,video,34.2,0.137,2,0.1251164846450138,0.18622200000000005
644,4157,popup,1.28,0.224,1,-0.953759248324188,0.26201999999999986
645,3744,banner,2.66,0.301,0,-0.9085329873430976,0.18661999999999995
646,4356,video,37.8,0.046,2,0.2430980350304671,0.07010999999999998
647,2243,banner,2.24,0.315,0,-0.9222975015547336,0.2823900000000002
648,2092,video,2.22,0.491,2,-0.9229529546124308,0.36145999999999995
649,4118,banner,0.37,0.103,0,-0.9835823624493998,0.20709000000000022
650,2008,banner,94.05,0.398,0,2.0865597598031767,0.31689999999999985
651,3141,popup,40.13,0.455,1,0.3194583162521635,0.3786799999999997
652,2773,banner,13.07,0.472,0,-0.5673696708118281,0.4019000000000004
653,1957,video,10.55,0.48,2,-0.6499567560816455,0.24530000000000007
654,4059,video,12.91,0.266,2,-0.5726132952734038,0.2880299999999994
655,1452,popup,44.7,0.489,1,0.4692293399359197,0.41136
656,2227,video,32.49,0.381,2,0.0690752482119234,0.38342000000000015
657,3959,video,6.14,0.089,2,-0.7944841553038259,0.3197399999999997
658,3265,video,5.74,0.244,2,-0.807593216457765,0.25030999999999987
659,3521,banner,3.11,0.362,0,-0.8937852935449159,0.29171999999999937
660,3479,banner,32.39,0.131,0,0.0657979829234386,0.15347000000000008
661,3388,video,43.37,0.324,2,0.4256417115990714,0.2750099999999997
662,1550,popup,9.24,0.337,1,-0.6928889313607965,0.2991749999999998
663,2635,banner,0.64,0.09,0,-0.9747337461704908,0.22145999999999982
664,2312,popup,2.57,0.287,1,-0.9114825261027338,0.2673399999999999
665,4325,video,103.13,0.388,2,2.3841354479975982,0.28871000000000024
666,2757,video,10.51,0.254,2,-0.6512676621970395,0.2426000000000001
667,1356,banner,43.99,0.016,0,0.4459607563876774,0.13735000000000006
668,3070,video,29.4,0.014,2,-0.0321922492022574,0.08361
669,2785,banner,14.44,0.185,0,-0.5224711363595861,0.27899000000000024
670,3569,video,6.91,0.464,2,-0.7692492125824928,0.31175999999999976
671,2781,video,3.88,0.122,2,-0.8685503508235828,0.3272100000000001
672,4908,banner,28.64,0.321,0,-0.057099465394742,0.2836700000000003
673,4171,banner,44.7,0.119,0,0.4692293399359197,0.17970999999999993
674,3849,banner,30.98,0.168,0,0.0195885423558026,0.21356999999999982
675,4251,video,22.67,0.426,2,-0.2527522031172856,0.3653899999999999
676,4294,video,1.29,0.367,2,-0.9534315217953396,0.34645857142857184
677,4977,popup,103.72,0.057,1,2.403471313199659,0.10367000000000014
678,3809,banner,48.09,0.22,0,0.5803286332155551,0.07651999999999998
679,4730,video,10.39,0.024,2,-0.6552003805432212,0.24223999999999976
680,3489,video,117.32,0.246,2,2.8491793924335935,0.2937700000000005
681,2631,banner,27.63,0.335,0,-0.0901998448084387,0.2933600000000004
682,3816,popup,26.2,0.068,1,-0.1370647384337716,0.19399000000000005
683,2015,banner,41.36,0.152,0,0.3597686793005267,0.1755799999999999
684,2348,popup,50.1,0.205,1,0.6462016655140997,0.14994000000000013
685,1515,video,32.06,0.461,2,0.0549830074714387,0.38169999999999965
686,4087,popup,4.11,0.497,1,-0.8610126406600677,0.47944999999999977
687,3839,video,12.39,0.032,2,-0.5896550747735249,0.11145000000000004
688,1335,banner,78.97,0.383,0,1.5923481542996665,0.3314000000000002
689,2782,banner,7.63,0.192,0,-0.7456529025054022,0.16516000000000006
690,3305,banner,13.96,0.202,0,-0.5382020097443132,0.16805999999999982
691,1496,popup,16.97,0.38,1,-0.4395563245609202,0.27725999999999956
692,1895,video,17.36,0.46,2,-0.4267749899358294,0.4326700000000004
693,3207,banner,28.48,0.476,0,-0.0623430898563177,0.2941950000000004
694,4546,banner,85.98,0.293,0,1.8220844510224523,0.2508499999999997
695,1851,video,8.26,0.185,2,-0.7250061311879479,0.19595999999999986
696,2687,banner,3.89,0.396,0,-0.8682226242947343,0.35310000000000047
697,2931,video,6.6,0.133,2,-0.7794087349767956,0.12561999999999984
698,3737,video,65.39,0.286,2,1.1472955281234285,0.3830499999999998
699,4746,video,31.14,0.186,2,0.0248321668173784,0.14816999999999997
700,3427,video,10.1,0.332,2,-0.6647044498798271,0.27302000000000026
701,2568,video,50.78,0.128,2,0.6684870694757965,0.23170000000000002
702,1956,popup,59.28,0.104,1,0.947054618997006,0.15989333333333317
703,3738,banner,56.22,0.46,0,0.8467703011693705,0.3996400000000005
704,4498,popup,75.37,0.06,1,1.4743666039142131,0.08887999999999993
705,2636,banner,8.72,0.258,0,-0.7099307108609176,0.2502899999999995
706,2291,popup,42.2,0.118,1,0.3872977077237992,0.19294583333333332
707,4906,video,18.52,0.029,2,-0.3887587125894055,0.09442999999999997
708,4648,banner,55.35,0.028,0,0.8182580931595527,0.07420999999999986
709,2440,banner,39.11,0.096,0,0.2860302103096183,0.09310000000000006
710,2191,popup,44.94,0.435,1,0.4770947766282831,0.33203999999999956
711,4913,popup,32.03,0.148,1,0.0539998278848933,0.18393999999999988
712,2066,banner,5.86,0.476,0,-0.8036604981115834,0.3756799999999997
713,4627,popup,23.63,0.295,1,-0.2212904563478314,0.3018700000000005
714,1284,popup,125.34,0.224,1,3.1120160685700764,0.13040000000000018
715,3444,popup,83.12,0.294,1,1.7283546637717866,0.3697199999999995
716,1011,video,1.32,0.263,2,-0.952448342208794,0.2824160714285719
717,2630,video,5.4,0.382,2,-0.8187359184386136,0.05264000000000003
718,4373,popup,4.24,0.148,1,-0.8567521957850374,0.13077999999999992
719,4969,popup,38.84,0.183,1,0.2771815940307094,0.22256999999999993
720,4324,video,51.08,0.448,2,0.6783188653412509,0.4079
721,3546,video,7.21,0.474,2,-0.7594174167170383,0.4278899999999996
722,1753,banner,21.15,0.447,0,-0.3025666355022549,0.08928999999999992
723,3082,banner,55.11,0.216,0,0.810392656467189,0.17612999999999984
724,3774,video,39.59,0.392,2,0.3017610836943455,0.35534999999999994
725,3896,popup,23.44,0.243,1,-0.2275172603959525,0.2363366666666663
726,1089,popup,26.77,0.254,1,-0.1183843262894081,0.29885000000000017
727,1775,popup,21.3,0.11,1,-0.2976507375695276,0.09390000000000003
728,3652,popup,10.6,0.3,1,-0.648318123437403,0.2958900000000003
729,4993,banner,24.97,0.101,0,-0.1773751014821348,0.17004000000000016
730,4017,video,35.03,0.172,2,0.1523177865394378,0.21313000000000032
731,2625,popup,61.98,0.429,1,1.035540781786096,0.3453013333333331
732,4069,banner,30.34,0.111,0,-0.0013859554905001,0.14136000000000015
733,1417,popup,42.95,0.045,1,0.4118771973874354,0.1820108333333334
734,1114,video,5.23,0.044,2,-0.8243072694290378,0.0882699999999999
735,1616,banner,18.57,0.471,0,-0.3871200799451631,0.4534961904761904
736,4974,video,0.28,0.258,2,-0.986531901209036,0.2399099999999997
737,4267,video,8.5,0.211,2,-0.7171406944955843,0.24866999999999964
738,1825,banner,38.89,0.407,0,0.2788202266749517,0.08775000000000008
739,4572,banner,144.15,0.42,0,3.7284696693340704,0.4146000000000009
740,2649,banner,3.13,0.173,0,-0.8931298404872189,0.21697999999999962
741,2516,banner,15.4,0.35,0,-0.4910093895901318,0.3317700000000003
742,4146,banner,48.29,0.388,0,0.5868831637925245,0.10015999999999994
743,1412,banner,6.85,0.331,0,-0.7712155717555836,0.28537999999999974
744,4447,banner,24.3,0.084,0,-0.199332778914983,0.12617999999999985
745,4491,popup,39.62,0.439,1,0.3027442632808908,0.38234
746,1728,video,28.71,0.274,2,-0.0548053796928026,0.21155000000000024
747,4348,banner,6.25,0.148,0,-0.7908791634864926,0.2044799999999998
748,4068,popup,13.17,0.218,1,-0.5640924055233432,0.22010000000000005
749,3808,popup,45.95,0.028,1,0.5101951560419798,0.0646699999999998
750,1675,popup,24.24,0.073,1,-0.201299138088074,0.20968
751,4465,video,0.16,0.385,2,-0.990464619555218,0.36111000000000026
752,2892,banner,42.94,0.01,0,0.4115494708585867,0.1452956666666665
753,3504,popup,1.08,0.214,1,-0.9603137789011577,0.22493999999999978
754,3967,video,41.08,0.266,2,0.3505923364927691,0.3593899999999999
755,3239,video,6.79,0.037,2,-0.7731819309286746,0.07443999999999998
756,3786,video,95.16,0.487,2,2.1229374045053584,0.4551300000000002
757,4760,popup,13.76,0.121,1,-0.5447565403212828,0.2549699999999995
758,2122,banner,11.88,0.159,0,-0.6063691277447973,0.19786
759,2571,popup,4.84,0.159,1,-0.8370886040541285,0.2310999999999999
760,1977,popup,10.94,0.123,1,-0.6371754214565547,0.22010000000000007
761,2008,banner,62.78,0.011,0,1.0617589040939746,0.09922999999999997
762,3143,banner,168.26,0.367,0,4.518618330387759,0.23468
763,2687,banner,13.78,0.484,0,-0.5441010872635859,0.34785000000000016
764,3710,video,17.86,0.12,2,-0.4103886634934053,0.19964999999999997
765,4261,banner,38.41,0.335,0,0.2630893532902245,0.22527999999999979
766,4807,popup,65.2,0.374,1,1.1410687240753072,0.3515033333333333
767,1036,banner,26.97,0.426,0,-0.1118297957124385,0.39190999999999987
768,4851,popup,14.9,0.217,1,-0.507395716032556,0.42001999999999995
769,4440,video,15.96,0.158,2,-0.4726567039746168,0.20097
770,4766,popup,35.68,0.169,1,0.173620010914589,0.19644000000000017
771,2548,popup,0.1,0.359,1,-0.9924309787283088,0.3346300000000005
772,3326,banner,29.0,0.41,0,-0.0453013103561967,0.34165999999999974
773,3264,banner,13.18,0.099,0,-0.5637646789944948,0.1976500000000001
774,3914,popup,47.43,0.192,1,0.5586986823115551,0.19247
775,1872,banner,2.93,0.452,0,-0.8996843710641885,0.36841999999999997
776,2821,video,26.62,0.405,2,-0.1233002242221353,0.3774000000000002
777,2296,video,19.67,0.493,2,-0.3510701617718301,0.45696000000000003
778,4952,banner,30.84,0.38,0,0.0150003709519239,0.34124999999999983
779,3109,video,2.01,0.203,2,-0.9298352117182488,0.302323333333333
780,1595,banner,26.02,0.299,0,-0.1429638159530442,0.3396299999999999
781,2903,popup,24.73,0.334,1,-0.1852405381744983,0.2697699999999997
782,1728,popup,24.67,0.048,1,-0.1872068973475892,0.12249
783,2365,video,27.75,0.277,2,-0.0862671264622569,0.23366000000000003
784,1396,banner,33.85,0.358,0,0.1136460561353169,0.31037000000000003
785,1698,banner,49.04,0.092,0,0.6114626534561606,0.09058999999999998
786,4090,video,9.43,0.393,2,-0.6866621273126754,0.36280000000000023
787,3224,popup,52.3,0.296,1,0.7183015018607656,0.2825799999999998
788,2635,video,20.69,0.477,2,-0.3176420558292849,0.1051400000000001
789,1395,popup,2.41,0.031,1,-0.9167261505643096,0.09092000000000003
790,3492,banner,1.81,0.14,0,-0.9363897422952184,0.11650500000000003
791,4304,popup,12.2,0.305,1,-0.595881878821646,0.3285899999999999
792,4986,video,46.1,0.155,2,0.515111053974707,0.21141000000000004
793,1075,banner,36.9,0.36,0,0.2136026474341038,0.3321799999999997
794,1264,video,46.62,0.382,2,0.532152833474828,0.34641000000000033
795,3502,video,21.85,0.06,2,-0.2796257784828611,0.16131
796,2819,popup,17.41,0.262,1,-0.425136357291587,0.27978000000000014
797,1717,video,4.79,0.259,2,-0.8387272366983709,0.2609700000000001
798,3782,popup,11.93,0.191,1,-0.604730495100555,0.2131000000000001
799,4455,banner,17.08,0.467,0,-0.4359513327435869,0.4213499999999996
800,4635,popup,2.78,0.415,1,-0.9046002689969156,0.4010099999999995
801,1850,banner,7.48,0.352,0,-0.7505688004381293,0.15794000000000025
802,4577,popup,27.36,0.36,1,-0.0990484610873477,0.3002999999999997
803,2390,video,39.92,0.236,2,0.3125760591463454,0.20047999999999994
804,1143,popup,192.16,0.461,1,5.301884734335632,0.3947699999999994
805,1884,popup,81.14,0.35,1,1.663464811059787,0.30940000000000034
806,4140,banner,30.86,0.367,0,0.0156558240096208,0.34602
807,4170,video,16.41,0.432,2,-0.4579090101764351,0.3390499999999996
808,1395,popup,30.33,0.144,1,-0.0017136820193486,0.17208000000000007
809,4096,video,46.2,0.405,2,0.518388319263192,0.31421000000000043
810,3995,popup,3.78,0.106,1,-0.8718276161120675,0.22734000000000043
811,3938,popup,15.82,0.179,1,-0.4772448753784956,0.09549683333333336
812,2492,video,54.94,0.174,2,0.8048213054767648,0.17860999999999985
813,4555,popup,14.53,0.489,1,-0.5195215975999498,0.4778499999999996
814,4636,video,25.45,0.43,2,-0.1616442280974077,0.34342999999999985
815,4222,popup,26.59,0.354,1,-0.1242834038086808,0.34339999999999976
816,2167,banner,6.12,0.366,0,-0.7951396083615229,0.3641399999999998
817,3616,video,13.49,0.285,2,-0.5536051566001917,0.19155999999999992
818,2062,popup,12.22,0.474,1,-0.595226425763949,0.39316999999999963
819,3156,popup,0.8,0.253,1,-0.9694901217089152,0.26752
820,4764,banner,0.73,0.196,0,-0.9717842074108544,0.17405999999999996
821,2065,video,53.46,0.09,2,0.7563177792071896,0.2802400000000003
822,2209,popup,9.57,0.395,1,-0.6820739559087967,0.28000999999999976
823,3982,banner,21.9,0.37,0,-0.2779871458386188,0.19139000000000034
824,3445,popup,10.65,0.198,1,-0.6466794907931607,0.29838000000000037
825,4294,video,84.74,0.022,2,1.7814463614452405,0.18258999999999997
826,1633,popup,9.0,0.421,1,-0.7007543680531602,0.3989549999999997
827,2156,popup,16.85,0.016,1,-0.4434890429071019,0.25549999999999956
828,4234,popup,61.84,0.355,1,1.0309526103822173,0.34320133333333325
829,2238,popup,55.34,0.485,1,0.8179303666307043,0.3593399999999996
830,1732,banner,6.18,0.224,0,-0.793173249188432,0.2764699999999998
831,1234,banner,48.68,0.125,0,0.5996644984176153,0.11624000000000004
832,4914,video,18.39,0.355,2,-0.3930191574644358,0.31196000000000007
833,3705,banner,19.79,0.41,0,-0.3471374434256484,0.3699299999999999
834,1750,banner,4.3,0.278,0,-0.8547858366119465,0.23063999999999985
835,3635,video,2.52,0.484,2,-0.9131211587469764,0.3689300000000004
836,4080,banner,39.05,0.035,0,0.2840638511365273,0.06977000000000007
837,4145,banner,20.58,0.257,0,-0.3212470476466184,0.26785000000000014
838,1953,video,17.23,0.362,2,-0.4310354348108596,0.41403000000000034
839,3539,video,39.23,0.433,2,0.2899629286558,0.3589899999999999
840,3960,video,43.51,0.098,2,0.4302298830029502,0.2146800000000001
841,4324,popup,5.19,0.402,1,-0.8256181755444316,0.35707000000000005
842,4301,popup,28.27,0.281,1,-0.0692253469621358,0.33117071428571426
843,2542,video,4.36,0.204,2,-0.8528194774388557,0.20838000000000018
844,2197,video,41.75,0.075,2,0.3725500139256175,0.1540899999999999
845,2676,video,32.1,0.434,2,0.0562939135868326,0.39673999999999976
846,2191,popup,94.13,0.087,1,2.0891815720339646,0.30215999999999965
847,3217,popup,2.14,0.162,1,-0.9255747668432186,0.19474000000000002
848,2416,banner,1.76,0.152,0,-0.9380283749394608,0.09194928571428568
849,3993,banner,9.95,0.437,0,-0.6696203478125544,0.3544000000000001
850,3842,video,9.1,0.34,2,-0.6974771027646752,0.21840666666666667
851,3681,popup,8.51,0.4,1,-0.7168129679667358,0.3865499999999995
852,2217,popup,71.02,0.133,1,1.3318055638651234,0.13035999999999992
853,2540,popup,8.61,0.316,1,-0.713535702678251,0.28020999999999974
854,3076,video,9.52,0.29,2,-0.6837125885530391,0.3105399999999997
855,4236,banner,42.74,0.418,0,0.4049949402816172,0.33312333333333316
856,2445,video,17.92,0.454,2,-0.4084223043203144,0.3895900000000003
857,3386,banner,44.98,0.016,0,0.4784056827436769,0.07487999999999997
858,4719,banner,2.03,0.34,0,-0.9291797586605518,0.30626999999999993
859,2519,video,20.06,0.035,2,-0.3382888271467394,0.17085
860,2388,banner,1.03,0.279,0,-0.9619524115454,0.24775999999999987
861,2856,banner,1.94,0.151,0,-0.932129297420188,0.15926966666666653
862,2365,popup,71.07,0.16,1,1.3334441965093655,0.15430000000000008
863,1499,banner,4.5,0.183,0,-0.8482313060349769,0.26776999999999984
864,2680,video,22.81,0.314,2,-0.2481640317134069,0.3005
865,1510,video,15.88,0.174,2,-0.4752785162054047,0.17707952380952377
866,4398,banner,12.8,0.369,0,-0.5762182870907371,0.37560000000000016
867,1216,popup,69.03,0.208,1,1.2665879846242756,0.3517100000000002
868,2324,popup,0.66,0.043,1,-0.974078293112794,0.23965999999999993
869,2155,banner,32.7,0.394,0,0.0759575053177416,0.29238999999999954
870,2827,banner,99.23,0.15,0,2.2563221017466906,0.18386
871,4141,video,24.64,0.222,2,-0.1881900769341347,0.28974000000000016
872,4323,banner,82.85,0.346,0,1.7195060474928772,0.3174999999999998
873,4486,popup,1.61,0.173,1,-0.9429442728721882,0.1756683333333332
874,2810,banner,16.28,0.038,0,-0.4621694550514654,0.09168000000000008
875,3492,video,9.04,0.193,2,-0.6994434619377662,0.23480333333333334
876,3923,video,39.37,0.473,2,0.2945511000596787,0.35516
877,2205,video,119.37,0.324,2,2.9163633308475325,0.3101100000000005
878,3214,video,8.89,0.339,2,-0.7043593598704934,0.30341133333333326
879,1090,video,31.85,0.32,2,0.0481007503656206,0.27263000000000015
880,1713,banner,6.62,0.108,0,-0.7787532819190988,0.19214000000000006
881,2881,banner,25.0,0.215,0,-0.1763919218955894,0.20198
882,4602,banner,18.7,0.378,0,-0.3828596350701329,0.3693561904761906
883,1038,banner,107.27,0.06,0,2.5198142309408698,0.1881199999999999
884,4197,video,28.14,0.146,2,-0.0734857918371661,0.28312
885,4522,popup,12.9,0.145,1,-0.5729410218022523,0.31442000000000014
886,1172,banner,3.63,0.222,0,-0.8767435140447949,0.25562000000000024
887,1652,popup,4.92,0.49,1,-0.8344667918233406,0.4030399999999997
888,1753,banner,7.66,0.043,0,-0.7446697229188567,0.09215
889,2243,banner,8.67,0.264,0,-0.71156934350516,0.2577699999999996
890,4709,popup,57.04,0.098,1,0.873643876534946,0.16076000000000026
891,2081,video,24.71,0.486,2,-0.1858959912321953,0.4099399999999999
892,2683,banner,22.23,0.066,0,-0.2671721703866188,0.10823000000000009
893,3523,banner,3.66,0.208,0,-0.8757603344582494,0.2557700000000003
894,1455,banner,59.01,0.372,0,0.9382060027180968,0.22003999999999993
895,1828,popup,38.49,0.355,1,0.2657111655210125,0.3249000000000001
896,1894,video,2.1,0.217,2,-0.9268856729586123,0.16836599999999996
897,2384,popup,36.91,0.18,1,0.2139303739629522,0.21486999999999978
898,2958,popup,23.53,0.205,1,-0.2245677216363161,0.22408999999999962
899,4072,video,2.56,0.139,2,-0.9118102526315824,0.18135999999999983
900,3434,popup,18.39,0.111,1,-0.3930191574644358,0.22397666666666688
901,2996,video,19.89,0.247,2,-0.3438601781371635,0.2742299999999999
902,3395,banner,5.44,0.142,0,-0.8174250123232196,0.16269000000000022
903,1189,video,87.4,0.151,2,1.8686216181189368,0.1679400000000001
904,1504,banner,56.91,0.332,0,0.8693834316599156,0.29682000000000036
905,2214,popup,33.17,0.485,1,0.0913606521736202,0.3989799999999997
906,2531,popup,18.61,0.306,1,-0.3858091738297692,0.2472033333333335
907,4440,banner,15.92,0.048,0,-0.4739676100900107,0.06526416666666669
908,4480,popup,31.58,0.047,1,0.0392521340867115,0.11897000000000002
909,1823,video,23.65,0.476,2,-0.2206350032901344,0.40787799999999963
910,1928,banner,1.93,0.156,0,-0.9324570239490368,0.1625963333333333
911,1933,popup,21.55,0.055,1,-0.2894575743483155,0.1464599999999999
912,2140,banner,49.26,0.304,0,0.6186726370908272,0.19753999999999988
913,1133,video,18.44,0.316,2,-0.3913805248201933,0.25642
914,3105,video,1.6,0.328,2,-0.9432719994010366,0.2896900714285713
915,4627,popup,46.29,0.141,1,0.5213378580228282,0.23027999999999976
916,1684,video,6.75,0.017,2,-0.7744928370440685,0.048389999999999975
917,3719,banner,8.98,0.483,0,-0.701409821110857,0.4005399999999996
918,3220,video,5.4,0.133,2,-0.8187359184386136,0.05264000000000003
919,2852,banner,12.02,0.341,0,-0.6017809563409187,0.28484000000000015
920,1814,banner,42.41,0.356,0,0.3941799648296171,0.35414000000000045
921,2172,video,21.98,0.309,2,-0.2753653336078308,0.32892000000000005
922,1079,popup,6.88,0.163,1,-0.7702323921690383,0.20144000000000006
923,3933,video,63.07,0.143,2,1.0712629734305803,0.14627000000000015
924,4284,banner,63.5,0.303,0,1.0853552141710652,0.3036300000000003
925,1202,banner,61.34,0.434,0,1.014566283939793,0.2183633333333333
926,3811,video,8.19,0.474,2,-0.7273002168898872,0.34513999999999967
927,2252,popup,18.0,0.062,1,-0.4058004920895265,0.16854999999999987
928,2699,popup,125.97,0.086,1,3.1326628398875305,0.13040000000000018
929,2250,banner,44.35,0.473,0,0.4577589114262227,0.36338999999999966
930,2682,banner,0.83,0.371,0,-0.9685069421223698,0.30767999999999973
931,2555,popup,2.02,0.443,1,-0.9295074851894004,0.3991980000000002
932,4512,video,18.7,0.109,2,-0.3828596350701329,0.18599000000000018
933,4473,banner,71.98,0.298,0,1.3632673106345778,0.27381999999999945
934,3094,banner,23.21,0.354,0,-0.2350549705594675,0.3791919999999995
935,2256,popup,20.66,0.343,1,-0.3186252354158304,0.2383200000000001
936,4376,video,3.34,0.21,2,-0.8862475833814007,0.24484000000000036
937,2549,popup,32.08,0.018,1,0.0556384605291356,0.27992999999999985
938,2166,video,51.8,0.296,2,0.7019151754183415,0.2760299999999998
939,4486,video,14.36,0.134,2,-0.5250929485903739,0.39155999999999985
940,4584,video,44.83,0.231,2,0.4734897848109498,0.25158000000000025
941,2396,banner,100.13,0.479,0,2.2858174893430534,0.3724799999999995
942,4637,popup,6.84,0.206,1,-0.7715432982844321,0.19945000000000002
943,4957,popup,22.23,0.422,1,-0.2671721703866188,0.16935999999999996
944,4330,video,10.15,0.102,2,-0.6630658172355848,0.16441000000000017
945,3703,banner,47.23,0.34,0,0.5521441517345853,0.26747
946,1470,banner,25.85,0.489,0,-0.1485351669434683,0.43967999999999985
947,4018,popup,30.2,0.06,1,-0.0059741268943789,0.10296
948,2035,banner,47.97,0.014,0,0.576395914869373,0.06774000000000002
949,2353,banner,15.12,0.222,0,-0.5001857323978893,0.22718000000000008
950,3783,video,73.98,0.055,2,1.4288126164042745,0.1198299999999999
951,3831,banner,22.84,0.377,0,-0.2471808521268614,0.3349299999999998
952,1967,video,5.16,0.458,2,-0.8266013551309771,0.33573999999999926
953,1357,popup,35.71,0.223,1,0.1746031905011345,0.20544000000000015
954,4019,banner,47.29,0.137,0,0.5541105109076764,0.18424000000000024
955,4479,popup,11.43,0.223,1,-0.6211168215429791,0.21963000000000005
956,1667,popup,58.38,0.364,1,0.9175592314006428,0.2970400000000003
957,1372,banner,70.98,0.014,0,1.3304946577497296,0.11156999999999993
958,2031,banner,9.73,0.299,0,-0.6768303314472209,0.2611499999999997
959,2145,popup,123.17,0.311,1,3.0408994118099555,0.2682899999999999
960,2371,banner,4.55,0.322,0,-0.8465926733907345,0.33175000000000004
961,3723,video,6.77,0.129,2,-0.7738373839863716,0.11363999999999991
962,1089,video,6.11,0.36,2,-0.7954673348903714,0.3253599999999997
963,4719,banner,67.33,0.055,0,1.2108744747200335,0.1356099999999999
964,3745,popup,31.86,0.108,1,0.048428476894469,0.1608400000000001
965,4387,banner,4.95,0.44,0,-0.8334836122367952,0.41602999999999973
966,4249,banner,17.41,0.372,0,-0.425136357291587,0.36623999999999995
967,1539,popup,28.66,0.017,1,-0.056444012337045,0.11045749999999996
968,3779,popup,2.61,0.132,1,-0.91017161998734,0.2022100000000001
969,1868,video,64.22,0.115,2,1.1089515242481558,0.18225000000000002
970,1040,popup,48.83,0.143,1,0.6045803963503424,0.14368000000000017
971,1739,video,21.11,0.131,2,-0.3038775416176488,0.10294000000000013
972,4775,popup,102.45,0.041,1,2.3618500440359016,0.09657000000000016
973,2946,banner,16.23,0.235,0,-0.4638080876957078,0.15491999999999992
974,3549,video,124.26,0.369,2,3.0766216034544405,0.32182000000000033
975,4006,video,33.07,0.307,2,0.0880833868851353,0.2585999999999996
976,4216,video,30.21,0.34,2,-0.0056464003655303,0.24040999999999982
977,2224,banner,5.44,0.05,0,-0.8174250123232196,0.16269000000000022
978,1928,banner,64.09,0.476,0,1.1046910793731255,0.21159999999999982
979,3036,banner,16.73,0.421,0,-0.4474217612532837,0.3728999999999994
980,4795,banner,5.31,0.404,0,-0.8216854571982499,0.3880899999999999
981,3508,banner,0.38,0.413,0,-0.9832546359205514,0.3031900000000004
982,3779,video,24.61,0.467,2,-0.1891732565206801,0.39568999999999976
983,3799,banner,22.49,0.277,0,-0.2586512806365583,0.2315100000000001
984,1924,video,38.12,0.108,2,0.2535852839536185,0.11081999999999993
985,3956,banner,66.29,0.312,0,1.1767909157197918,0.23987000000000008
986,2581,popup,2.48,0.374,1,-0.9144320648623702,0.21298000000000003
987,4618,video,39.45,0.372,2,0.2971729122904668,0.2576199999999997
988,4324,popup,6.23,0.266,1,-0.7915346165441896,0.2638499999999997
989,1389,video,58.6,0.044,2,0.9247692150353092,0.1502600000000001
990,2617,popup,51.29,0.192,1,0.685201122447069,0.3723999999999998
991,3930,banner,23.35,0.461,0,-0.2304667991555888,0.4136278333333327
992,1255,banner,37.16,0.296,0,0.2221235371841642,0.32040999999999953
993,1708,banner,11.32,0.274,0,-0.6247218133603124,0.2742200000000004
994,2838,video,19.11,0.142,2,-0.3694228473873451,0.1888299999999999
995,2944,popup,51.72,0.191,1,0.6992933631875538,0.22279999999999986
996,3497,banner,18.44,0.449,0,-0.3913805248201933,0.37315285714285723
997,1009,popup,13.29,0.337,1,-0.5601596871771615,0.27312999999999993
998,3871,popup,20.45,0.396,1,-0.3255074925216485,0.34700000000000036
999,1797,banner,52.85,0.233,0,0.7363264609474323,0.3009200000000002
1000,4313,banner,12.25,0.319,0,-0.5942432461774035,0.2961099999999998
